person_id,first_name,last_name,email,address,birth_date,phone_number
2,Fipoju,Faweidi,,,,
3,Pejaztie,Rojoova,,,,
4,Ecotiw,Nulkos,,,,
5,Ulinkey,Emsequiev,,,,
6,Pojer,Ecriin,,,,
7,Quisok,Loper,,,,
8,Notuz,Tohawman,,,,
9,Tasezkey,Pekppulos,,,,
10,Ovawa,Ibelayan,,,,
11,Wevuma,Uposaova,,,,
12,Xubisey,Yucaya,,,,
13,Ejawil,Ulaskih,,,,
14,Imocsov,Quelam,,,,
15,Etuzsa,Xifkos,,,,
16,Eyipu,Uyidiaya,,,,
17,Quikusa,Pehieva,,,,
18,Obedeh,Zatseski,,,,
19,Faxena,Aquifeva,,,,
20,Yoxizsu,Epoman,,,,
21,Uvaduc,Esejdzki,,,,
22,Wojub,Rivaydzki,,,,
23,Izuxah,Kewulidi,,,,
24,Ucowo,Zebkopulos,,,,
25,Ximesa,Zefshvili,,,,
26,Ikako,Nijaya,,,,
27,Wataj,Hesutski,,,,
28,Zapraque,Kumich,,,,
29,Upkelu,Itiyan,,,,
30,Otihkaj,Hexuxski,,,,
31,Zuduj,Tesocki,,,,
32,Puzinie,Iwiwchka,,,,
33,Ekartij,Jicitski,,,,
34,Zevtukj,Xuzedcki,,,,
35,Sesuna,Quoxteeva,,,,
36,Neyij,Leziy,,,,
37,Xedoque,Kadaya,,,,
38,Wobjaw,Nibin,,,,
39,Uquajab,Cemiov,,,,
40,Ayimir,Fahiniy,,,,
41,Exevok,Miroski,,,,
42,Wuhuk,Vuboshvili,,,,
43,Intoha,Cupkapulos,,,,
44,Ajosu,Anumdzka,,,,
45,Rusesie,Jujchka,,,,
46,Iwejat,Jekev,,,,
47,Urato,Tupina,,,,
48,Wakjedu,Kakaova,,,,
49,Buksero,Terukini,,,,
50,Piveja,Zequefsina,,,,
51,Ikiquezr,Mejov,,,,
52,Xipob,Cobojskih,,,,
53,Sucolj,Akidzki,,,,
54,Jahrojie,Zohiquska,,,,
55,Irifu,Ulevaya,,,,
56,Quipuw,Urujokos,,,,
57,Ahsiljo,Zacibshvili,,,,
58,Juyaj,Relicki,,,,
59,Dejaqu,Oroska,,,,
60,Kawudo,Ritolkos,,,,
61,Oxosut,Arivocki,,,,
62,Aleley,Tuwolpova,,,,
63,Naquizro,Wimrawska,,,,
64,Wuquozs,Pacpapiy,,,,
65,Azivu,Hidskih,,,,
66,Etekaf,Haxotski,,,,
67,Ojuhal,Pimedzki,,,,
68,Waksewey,Etuov,,,,
69,Baquayie,Tuwska,,,,
70,Nomer,Fequetski,,,,
71,Ezadij,Oskajeskih,,,,
72,Xiwudie,Wifeva,,,,
73,Quopixs,Quaraini,,,,
74,Equited,Roquehjini,,,,
75,Ezefir,Womadzki,,,,
76,Muwuro,Losihkpulos,,,,
77,Sewut,Neyidi,,,,
78,Cilal,Opsezski,,,,
79,Opemud,Uresiiy,,,,
80,Uyoquie,Xosamina,,,,
81,Joxeprie,Kokska,,,,
82,Xovid,Zurski,,,,
83,Unequo,Xizaaya,,,,
84,Aduquam,Vejer,,,,
85,Uzejud,Vakipulos,,,,
86,Xobicu,Uyiw,,,,
87,Wewezey,Paxer,,,,
88,Quewoxey,Iquazin,,,,
89,Fehpezk,Awatski,,,,
90,Daskeh,Imimski,,,,
91,Niwopa,Hiwova,,,,
92,Copiley,Quezurina,,,,
93,Xowel,Diwin,,,,
94,Nexaxsa,Rayina,,,,
95,Hahesa,Debaer,,,,
96,Videqu,Bavjilova,,,,
97,Lukejey,Sayaski,,,,
98,Ziquemu,Edusiova,,,,
99,Upujev,Iduhoin,,,,
100,Ivajepr,Awiski,,,,
101,Afikuj,Alis,,,,
102,Suwiv,Iwejotski,,,,
103,Favejo,Quimova,,,,
104,Epiquaw,Nexov,,,,
105,Tuzkuftu,Dijina,,,,
106,Ofajie,Hoceva,,,,
107,Axexol,Hexshvili,,,,
108,Yofafu,Uxpequochka,,,,
109,Yizpez,Butin,,,,
110,Axizu,Dutidzka,,,,
111,Buwids,Nutpaiy,,,,
112,Dankolkey,Jokin,,,,
113,Yelir,Jujitski,,,,
114,Ocomey,Quanrin,,,,
115,Sivef,Oheev,,,,
116,Ivedic,Ikeski,,,,
117,Yaxifj,Iqueidi,,,,
118,Ajeyu,Kupkasyan,,,,
119,Jeculk,Joqucki,,,,
120,Alpique,Madotchka,,,,
121,Yujarey,Oyuwadzka,,,,
122,Huwixey,Umjojaer,,,,
123,Zampizo,Ofuxeva,,,,
124,Uwija,Tunaya,,,,
125,Nexpem,Quasuktski,,,,
126,Xadat,Ziktuov,,,,
127,Warupj,Bileidi,,,,
128,Quodez,Bifseov,,,,
129,Quikitj,Fotpin,,,,
130,Woyas,Ebpo,,,,
131,Xemkey,Opocki,,,,
132,Yawoj,Wiqucki,,,,
133,Cazov,Zentski,,,,
134,Rojex,Yexdzki,,,,
135,Quinazrey,Rodukina,,,,
136,Jewum,Vobomski,,,,
137,Quelih,Tikidzki,,,,
138,Pebux,Ukuiy,,,,
139,Rejosa,Jetiwina,,,,
140,Wecozey,Ebtuziich,,,,
141,Caquer,Lifortski,,,,
142,Anuque,Zokuskih,,,,
143,Esemoh,Bociski,,,,
144,Uhubip,Quesicki,,,,
145,Fapik,Tekizscki,,,,
146,Lejus,Fajer,,,,
147,Junix,Opatedzki,,,,
148,Lolkivka,Cuwich,,,,
149,Oquajel,Serin,,,,
150,Bequeque,Ruxeteva,,,,
151,Japjipa,Sicetin,,,,
152,Wevino,Nopedidi,,,,
153,Quevin,Hiqupulos,,,,
154,Ucirjir,Eyiin,,,,
155,Padan,Majaxkos,,,,
156,Lizibu,Itikochka,,,,
157,Wuzsaw,Ekijdzki,,,,
158,Jubsevt,Jenacki,,,,
159,Yexaqu,Ayeneskih,,,,
160,Ovjuna,Rebpes,,,,
161,Sexafey,Azafidzka,,,,
162,Abeho,Zojina,,,,
163,Yiquaha,Canrichka,,,,
164,Payej,Xomtezin,,,,
165,Kafexu,Zudeceva,,,,
166,Tudkop,Okiin,,,,
167,Xequayu,Owawikos,,,,
168,Ikefox,Yahequski,,,,
169,Bayutey,Ocujchka,,,,
170,Zowazo,Quiroova,,,,
171,Wuvratru,Upumini,,,,
172,Rutota,Eyehuchka,,,,
173,Apuku,Yuxich,,,,
174,Quejoco,Jodrumina,,,,
175,Xoquekie,Weliyova,,,,
176,Fuduva,Lihijska,,,,
177,Pikpido,Akochka,,,,
178,Rewumu,Rofeva,,,,
179,Celjepr,Xapov,,,,
180,Okuyey,Bohaskih,,,,
181,Lahuqu,Tujepulos,,,,
182,Ibruna,Dopin,,,,
183,Jasul,Sifuktski,,,,
184,Lekids,Yateidi,,,,
185,Nakjux,Ivojev,,,,
186,Ajajab,Quevixov,,,,
187,Xosas,Oxpubuich,,,,
188,Enicop,Vezoich,,,,
189,Ivamrof,Cihaj,,,,
190,Uktetiv,Ujufpov,,,,
191,Aquoktim,Onkuiy,,,,
192,Mujena,Puquova,,,,
193,Zaxozju,Icofiman,,,,
194,Limtuf,Uyrain,,,,
195,Ixoco,Zirpadzka,,,,
196,Letsej,Ixrezcki,,,,
197,Ohuyel,Rehijcki,,,,
198,Moxuya,Uhoina,,,,
199,Zufkaz,Limudzki,,,,
200,Zicif,Jiciwin,,,,
201,Fiquow,Facijcki,,,,
202,Idojie,Ofexidzka,,,,
203,Lepedtie,Usieva,,,,
204,Tufuma,Yud,,,,
205,Eziytit,Fedkukin,,,,
206,Azevo,Tiwaya,,,,
207,Quenam,Icadadzki,,,,
208,Buyekie,Haquaina,,,,
209,Fajuzu,Quoquapulos,,,,
210,Biliho,Ifereaya,,,,
211,Wuxequ,Kufochka,,,,
212,Faquewu,Nozedpin,,,,
213,Afopjie,Obichka,,,,
214,Equohey,Ajikeva,,,,
215,Xekov,Yospekos,,,,
216,Vafow,Okufitski,,,,
217,Inecey,Vonrotski,,,,
218,Huspid,Piviin,,,,
219,Lopkuquie,Ospedtdzka,,,,
220,Holoqu,Cuqueova,,,,
221,Puquen,Sac,,,,
222,Odeyrek,Ixeyiov,,,,
223,Quokij,Yupain,,,,
224,Ififie,Lipuchka,,,,
225,Kejiyey,Dosidi,,,,
226,Atoto,Inotradzka,,,,
227,Tiztuba,Enuaya,,,,
228,Wepicie,Fiykijaya,,,,
229,Ewezkezs,Zewetski,,,,
230,Espeveps,Rufsski,,,,
231,Zajon,Ivomoiy,,,,
232,Mumesp,Ehsufain,,,,
233,Zivif,Umekski,,,,
234,Rizuw,Nusoquev,,,,
235,Okozov,Jiladzki,,,,
236,Luyilo,Jexepulos,,,,
237,Ematrey,Ticskih,,,,
238,Hupozo,Oqueduska,,,,
239,Fatehtu,Bovuxich,,,,
240,Yaquazu,Xoxekaya,,,,
241,Berej,Onahaov,,,,
242,Quequaz,Quicebsdzki,,,,
243,Zezsex,Abequman,,,,
244,Yefrok,Avuin,,,,
245,Ixawu,Tobrina,,,,
246,Ovajey,Jewomeva,,,,
247,Xunibja,Puyich,,,,
248,Zuzoquo,Uwerova,,,,
249,Eyasie,Dacodzka,,,,
250,Ahrowin,Niladzki,,,,
251,Ozaler,Wujskih,,,,
252,Yocjafju,Dimsurina,,,,
253,Yuxak,Udpeyan,,,,
254,Hezopra,Yuptosaya,,,,
255,Joyufsie,Juquejchka,,,,
256,Quivrer,Coniiy,,,,
257,Tiyam,Emojeov,,,,
258,Ezuwa,Uwupich,,,,
259,Jaxomo,Xixidi,,,,
260,Pezjol,Uciwiev,,,,
261,Axohay,Jijyan,,,,
262,Jujoltey,Bivpiy,,,,
263,Kuzida,Hurkyan,,,,
264,Uysapkex,Ejecuski,,,,
265,Oyankip,Zulski,,,,
266,Anisec,Kubaov,,,,
267,Xixuwu,Uwupiini,,,,
268,Ibesoz,Uxuskih,,,,
269,Efelo,Toctasska,,,,
270,Xekowo,Ixidiidi,,,,
271,Bubemie,Domdzka,,,,
272,Utesie,Buzaldzka,,,,
273,Bufuj,Robedzki,,,,
274,Xixup,Dipoini,,,,
275,Nilipk,Wifoin,,,,
276,Vojuw,Succki,,,,
277,Xubopie,Iwesjaina,,,,
278,Jokidju,Hoziina,,,,
279,Fuhjet,Xuhski,,,,
280,Afeyu,Zukaya,,,,
281,Enejev,Jojocki,,,,
282,Okika,Boquedska,,,,
283,Itower,Udoniev,,,,
284,Uxozuy,Wevidzki,,,,
285,Ijizo,Eleja,,,,
286,Takuckey,Oroev,,,,
287,Awaver,Owosski,,,,
288,Muyawu,Wiltini,,,,
289,Caduvk,Jazuini,,,,
290,Nupaqu,Jurputer,,,,
291,Unojie,Litkitchka,,,,
292,Ojufkoc,Ajewu,,,,
293,Puwekjo,Raleska,,,,
294,Efakrux,Nofrov,,,,
295,Uyofa,Iwueva,,,,
296,Lotkox,Pepretski,,,,
297,Useco,Quowukshvili,,,,
298,Sojif,Irilin,,,,
299,Quozsid,Amakcki,,,,
300,Kehuha,Zutich,,,,
301,Emipey,Mifiwidi,,,,
302,Huwix,Jurev,,,,
303,Buzik,Yaquawdzki,,,,
304,Kunjuj,Muniy,,,,
305,Bozpij,Mictoyich,,,,
306,Xizezie,Jiquetina,,,,
307,Yamecie,Tewecova,,,,
308,Simofs,Apiov,,,,
309,Najic,Sexreini,,,,
310,Nefofpa,Iquodjueva,,,,
311,Emiluh,Etedotski,,,,
312,Cuvidie,Huruova,,,,
313,Icutu,Evojskih,,,,
314,Ojoyamk,Jequitski,,,,
315,Tojip,Owojishvili,,,,
316,Uquehij,How,,,,
317,Rodowu,Ojiina,,,,
318,Vaquej,Iwepev,,,,
319,Hixiwie,Ojoreva,,,,
320,Fomiz,Usicr,,,,
321,Uftilta,Mixojaya,,,,
322,Vuwib,Jomajin,,,,
323,Muvivie,Ajieva,,,,
324,Dasaney,Mejyan,,,,
325,Tacpahs,Ajupeski,,,,
326,Uzpudiys,Puquatski,,,,
327,Opoderp,Akjiyiov,,,,
328,Ruxizey,Oyiqukos,,,,
329,Jukroja,Mebipchka,,,,
330,Zarahsie,Itkijdzka,,,,
331,Jeweb,Quortski,,,,
332,Loyuxta,Uxeaya,,,,
333,Ocadtie,Orikechka,,,,
334,Iquecoz,Quaxijcki,,,,
335,Kupizkey,Vawutski,,,,
336,Ijoque,Sospeini,,,,
337,Jijopo,Payoqudzka,,,,
338,Kacuk,Obudov,,,,
339,Ectaser,Quozoin,,,,
340,Vivtabie,Iwaquaeva,,,,
341,Aquiyu,Umpatedzka,,,,
342,Enicu,Ocodzka,,,,
343,Kaxiho,Toxeina,,,,
344,Okubed,Dulin,,,,
345,Elarol,Epain,,,,
346,Pidsoj,Icutov,,,,
347,Leximie,Ojolaya,,,,
348,Nudtivp,Epain,,,,
349,Acunie,Zosicska,,,,
350,Uxiwix,Rufsski,,,,
351,Acoleht,Cubrequov,,,,
352,Ozusu,Nidejina,,,,
353,Mobuz,Duwov,,,,
354,Ujebuf,Zowudzki,,,,
355,Boxsefa,Jamihova,,,,
356,Kixay,Iximpulos,,,,
357,Izisie,Xacdzka,,,,
358,Ozadoy,Adoquich,,,,
359,Amayie,Kosova,,,,
360,Tohib,Zezaxsshvili,,,,
361,Yejofo,Abusidi,,,,
362,Oyenev,Sawadzki,,,,
363,Furuzt,Quivov,,,,
364,Pubuy,Solruyan,,,,
365,Fehopie,Mojuwova,,,,
366,Mifad,Eyowekos,,,,
367,Yektojie,Abuzska,,,,
368,Ulrunoy,Cuptov,,,,
369,Tuxedrey,Epehotski,,,,
370,Opunie,Mohachka,,,,
371,Dupis,Cequequdzki,,,,
372,Vefovie,Nequehtaya,,,,
373,Awidjo,Ebakos,,,,
374,Zosiquo,Dakeer,,,,
375,Orijo,Jecenman,,,,
376,Awejo,Teyiova,,,,
377,Lipecie,Wejusjchka,,,,
378,Pavuxu,Esechka,,,,
379,Rucajey,Fetschka,,,,
380,Hulimp,Jelucki,,,,
381,Yampora,Yijachka,,,,
382,Tawifu,Japadrina,,,,
383,Asobeps,Febijski,,,,
384,Quexaju,Ratukos,,,,
385,Apajoz,Ozikos,,,,
386,Roxjoba,Quefpyan,,,,
387,Pajequa,Ludecyan,,,,
388,Vewizp,Quakapini,,,,
389,Yukor,Duweskih,,,,
390,Fesaz,Exiciy,,,,
391,Dopuqu,Mixjolkos,,,,
392,Quilap,Jocijiy,,,,
393,Rojejie,Urexaya,,,,
394,Kiyov,Zoktin,,,,
395,Ihozie,Rexrodzka,,,,
396,Ituley,Yujcki,,,,
397,Sivaf,Erehaov,,,,
398,Ifuhos,Mibocki,,,,
399,Odusinr,Xocucki,,,,
400,Widipj,Faha,,,,
401,Obsotrar,Ferurov,,,,
1,Anna,Gorb,gnomik2311@mail,Universitetskaya,2000-11-23,89166000158
402,Vasya,Sobolevskaya,smthnew@mail,Universitetskaya,2000-12-13,86273566194
